team_1,team_2,toss_won_by,decision,venue,time,umpire_1,umpire_2,umpire_3,referee,list_1,list_2,winning_team
MI,CSK,CSK,bowl,"Wankhede Stadium, Mumbai",8:00 PM,Nand Kishore,Chris Gaffaney,Anil Kumar Chaudhary,Sir Richie Richardson,"['Evin Lewis', 'Ishan Kishan', 'Rohit Sharma', 'Hardik Pandya', 'Kieron Pollard', 'Suryakumar Yadav', 'Krunal Pandya', 'Mayank Markande', 'Mitchell McClenaghan', 'Mustafizur Rahman', 'Jasprit Bumrah']","['Shane Watson', 'Ambati Rayudu', 'Suresh Raina', 'Kedar Jadhav', 'MS Dhoni', 'Dwayne Bravo', 'Ravindra Jadeja', 'Harbhajan Singh', 'Deepak Chahar', 'Imran Tahir', 'Mark Wood']",CSK
KXIP,DC,KXIP,bowl,"Punjab Cricket Association IS Bindra Stadium, Mohali",4:00 PM,Rod Tucker,KN Anantha Padmanabhan,Nitin Menon,Javagal Srinath,"['Lokesh Rahul', 'Mayank Agarwal', 'Karun Nair', 'Yuvraj Singh', 'David Miller', 'Marcus Stoinis', 'Axar Patel', 'Ravichandran Ashwin', 'Andrew Tye', 'Mohit Sharma', 'Mujeeb Ur Rahman']","['Gautam Gambhir', 'Colin Munro', 'Rishabh Pant', 'Shreyas Iyer', 'Chris Morris', 'Vijay Shankar', 'Daniel Christian', 'Rahul Tewatia', 'Amit Mishra', 'Trent Boult', 'Mohammed Shami']",KXIP
KKR,RCB,KKR,bowl,"Eden Gardens, Kolkata",8:00 PM,Chettithody Shamshuddin,Abhijit Deshmukh,Sundaram Ravi,Vengalil Narayan Kutty,"['Sunil Narine', 'Chris Lynn', 'Robin Uthappa', 'Dinesh Karthik', 'Nitish Rana', 'Rinku Singh', 'Andre Russell', 'Piyush Chawla', 'Vinay Kumar', 'Mitchell Johnson', 'Kuldeep Yadav']","['Quinton de Kock', 'Brendon McCullum', 'Virat Kohli', 'AB de Villiers', 'Sarfaraz Khan', 'Mandeep Singh', 'Washington Sundar', 'Chris Woakes', 'Kulwant Khejroliya', 'Umesh Yadav', 'Yuzvendra Chahal']",KKR
SRH,RR,SRH,bowl,"Rajiv Gandhi International Stadium, Hyderabad",8:00 PM,Nigel Llong,Vineet Kulkarni,Nandan,Sunil Chaturvedi,"['Shikhar Dhawan', 'Kane Williamson', 'Manish Pandey', 'Deepak Hooda', 'Yusuf Pathan', 'Shakib Al Hasan', 'Wriddhiman Saha', 'Rashid Khan', 'Bhuvneshwar Kumar', 'Billy Stanlake', 'Siddarth Kaul']","['Ajinkya Rahane', 'D Arcy Short', 'Sanju Samson', 'Ben Stokes', 'Rahul Tripathi', 'Jos Buttler', 'Krishnappa Gowtham', 'Shreyas Gopal', 'Dhawal Kulkarni', 'Jaydev Unadkat', 'Ben Laughlin']",SRH
CSK,KKR,CSK,bowl,"MA Chidambaram Stadium, Chennai",8:00 PM,Anil Kumar Chaudhary,Chris Gaffaney,Nand Kishore,Sir Richie Richardson,"['Shane Watson', 'Ambati Rayudu', 'Suresh Raina', 'Sam Billings', 'MS Dhoni', 'Ravindra Jadeja', 'Dwayne Bravo', 'Deepak Chahar', 'Harbhajan Singh', 'Imran Tahir', 'Shardul Thakur']","['Sunil Narine', 'Chris Lynn', 'Robin Uthappa', 'Nitish Rana', 'Dinesh Karthik', 'Rinku Singh', 'Andre Russell', 'Vinay Kumar', 'Piyush Chawla', 'Tom Curran', 'Kuldeep Yadav']",CSK
RR,DC,DC,bowl,"Sawai Mansingh Stadium, Jaipur",8:00 PM,KN Anantha Padmanabhan,Nitin Menon,Rod Tucker,Javagal Srinath,"['Ajinkya Rahane', 'D Arcy Short', 'Sanju Samson', 'Ben Stokes', 'Rahul Tripathi', 'Jos Buttler', 'Krishnappa Gowtham', 'Shreyas Gopal', 'Dhawal Kulkarni', 'Jaydev Unadkat', 'Ben Laughlin']","['Colin Munro', 'Gautam Gambhir', 'Shreyas Iyer', 'Vijay Shankar', 'Rishabh Pant', 'Glenn Maxwell', 'Rahul Tewatia', 'Chris Morris', 'Shahbaz Nadeem', 'Trent Boult', 'Mohammed Shami']",RR
SRH,MI,SRH,bowl,"Rajiv Gandhi International Stadium, Hyderabad",8:00 PM,Nigel Llong,Nandan,Vineet Kulkarni,Sunil Chaturvedi,"['Wriddhiman Saha', 'Shikhar Dhawan', 'Kane Williamson', 'Manish Pandey', 'Deepak Hooda', 'Yusuf Pathan', 'Shakib Al Hasan', 'Rashid Khan', 'Billy Stanlake', 'Siddarth Kaul', 'Sandeep Sharma']","['Rohit Sharma', 'Evin Lewis', 'Ishan Kishan', 'Suryakumar Yadav', 'Krunal Pandya', 'Kieron Pollard', 'Ben Cutting', 'Mayank Markande', 'Pradeep Sangwan', 'Mustafizur Rahman', 'Jasprit Bumrah']",SRH
RCB,KXIP,RCB,bowl,"M.Chinnaswamy Stadium, Bengaluru",8:00 PM,Sundaram Ravi,Abhijit Deshmukh,Chettithody Shamshuddin,Vengalil Narayan Kutty,"['Brendon McCullum', 'Quinton de Kock', 'Virat Kohli', 'AB de Villiers', 'Sarfaraz Khan', 'Mandeep Singh', 'Chris Woakes', 'Washington Sundar', 'Kulwant Khejroliya', 'Umesh Yadav', 'Yuzvendra Chahal']","['Lokesh Rahul', 'Mayank Agarwal', 'Aaron Finch', 'Yuvraj Singh', 'Karun Nair', 'Marcus Stoinis', 'Axar Patel', 'Ravichandran Ashwin', 'Andrew Tye', 'Mohit Sharma', 'Mujeeb Ur Rahman']",RCB
MI,DC,DC,bowl,"Wankhede Stadium, Mumbai",4:00 PM,KN Anantha Padmanabhan,Nitin Menon,Rod Tucker,Javagal Srinath,"['Rohit Sharma', 'Evin Lewis', 'Ishan Kishan', 'Suryakumar Yadav', 'Hardik Pandya', 'Krunal Pandya', 'Kieron Pollard', 'Mayank Markande', 'Jasprit Bumrah', 'Mustafizur Rahman', 'Akila Dananjaya']","['Jason Roy', 'Gautam Gambhir', 'Shreyas Iyer', 'Rishabh Pant', 'Glenn Maxwell', 'Vijay Shankar', 'Daniel Christian', 'Rahul Tewatia', 'Shahbaz Nadeem', 'Mohammed Shami', 'Trent Boult']",DC
KKR,SRH,SRH,bowl,"Eden Gardens, Kolkata",8:00 PM,Nand Kishore,Anil Chaudhary,Chris Gaffaney,Sir Richie Richardson,"['Chris Lynn', 'Sunil Narine', 'Robin Uthappa', 'Nitish Rana', 'Dinesh Karthik', 'Shubman Gill', 'Andre Russell', 'Mitchell Johnson', 'Shivam Mavi', 'Piyush Chawla', 'Kuldeep Yadav']","['Wriddhiman Saha', 'Shikhar Dhawan', 'Kane Williamson', 'Manish Pandey', 'Shakib Al Hasan', 'Deepak Hooda', 'Yusuf Pathan', 'Bhuvneshwar Kumar', 'Rashid Khan', 'Siddarth Kaul', 'Billy Stanlake']",SRH
RCB,RR,RCB,bowl,"M.Chinnaswamy Stadium, Bengaluru",4:00 PM,Chettithody Shamshuddin,Sundaram Ravi,Abhijit Deshmukh,Manu Nayyar,"['Quinton de Kock', 'Brendon McCullum', 'Virat Kohli', 'AB de Villiers', 'Mandeep Singh', 'Washington Sundar', 'Chris Woakes', 'Pawan Negi', 'Kulwant Khejroliya', 'Umesh Yadav', 'Yuzvendra Chahal']","['Ajinkya Rahane', 'D Arcy Short', 'Ben Stokes', 'Sanju Samson', 'Jos Buttler', 'Rahul Tripathi', 'Krishnappa Gowtham', 'Shreyas Gopal', 'Dhawal Kulkarni', 'Jaydev Unadkat', 'Ben Laughlin']",RR
KXIP,CSK,CSK,bowl,"Punjab Cricket Association IS Bindra Stadium, Mohali",8:00 PM,Nandan,Vineet Kulkarni,Nigel Llong,Sunil Chaturvedi,"['Lokesh Rahul', 'Chris Gayle', 'Mayank Agarwal', 'Aaron Finch', 'Yuvraj Singh', 'Karun Nair', 'Ravichandran Ashwin', 'Andrew Tye', 'Barinder Sran', 'Mohit Sharma', 'Mujeeb Ur Rahman']","['Shane Watson', 'Ambati Rayudu', 'Murali Vijay', 'MS Dhoni', 'Sam Billings', 'Ravindra Jadeja', 'Dwayne Bravo', 'Deepak Chahar', 'Harbhajan Singh', 'Imran Tahir', 'Shardul Thakur']",KXIP
KKR,DC,DC,bowl,"Eden Gardens, Kolkata",8:00 PM,Anil Kumar Chaudhary,Nand Kishore,Chris Gaffaney,Sir Richie Richardson,"['Chris Lynn', 'Sunil Narine', 'Robin Uthappa', 'Nitish Rana', 'Dinesh Karthik', 'Andre Russell', 'Shubman Gill', 'Shivam Mavi', 'Tom Curran', 'Piyush Chawla', 'Kuldeep Yadav']","['Jason Roy', 'Gautam Gambhir', 'Rishabh Pant', 'Glenn Maxwell', 'Shreyas Iyer', 'Vijay Shankar', 'Chris Morris', 'Rahul Tewatia', 'Shahbaz Nadeem', 'Mohammed Shami', 'Trent Boult']",KKR
MI,RCB,RCB,bowl,"Wankhede Stadium, Mumbai",8:00 PM,Rod Tucker,Nitin Menon,KN Anantha Padmanabhan,Javagal Srinath,"['Suryakumar Yadav', 'Evin Lewis', 'Ishan Kishan', 'Rohit Sharma', 'Kieron Pollard', 'Krunal Pandya', 'Hardik Pandya', 'Mitchell McClenaghan', 'Mayank Markande', 'Jasprit Bumrah', 'Mustafizur Rahman']","['Quinton de Kock', 'Virat Kohli', 'AB de Villiers', 'Mandeep Singh', 'Corey Anderson', 'Sarfaraz Khan', 'Washington Sundar', 'Chris Woakes', 'Umesh Yadav', 'Yuzvendra Chahal', 'Mohammed Siraj']",MI
RR,KKR,KKR,bowl,"Sawai Mansingh Stadium, Jaipur",8:00 PM,Abhijit Deshmukh,Sundaram Ravi,Chettithody Shamshuddin,Manu Nayyar,"['Ajinkya Rahane', 'D Arcy Short', 'Sanju Samson', 'Ben Stokes', 'Jos Buttler', 'Rahul Tripathi', 'Krishnappa Gowtham', 'Shreyas Gopal', 'Dhawal Kulkarni', 'Jaydev Unadkat', 'Ben Laughlin']","['Chris Lynn', 'Sunil Narine', 'Robin Uthappa', 'Nitish Rana', 'Dinesh Karthik', 'Andre Russell', 'Shubman Gill', 'Tom Curran', 'Piyush Chawla', 'Shivam Mavi', 'Kuldeep Yadav']",KKR
KXIP,SRH,KXIP,bat,"Punjab Cricket Association IS Bindra Stadium, Mohali",8:00 PM,Nigel Llong,Anil Kumar Chaudhary,Vineet Kulkarni,Sunil Chaturvedi,"['Lokesh Rahul', 'Chris Gayle', 'Mayank Agarwal', 'Yuvraj Singh', 'Aaron Finch', 'Karun Nair', 'Ravichandran Ashwin', 'Andrew Tye', 'Barinder Sran', 'Mohit Sharma', 'Mujeeb Ur Rahman']","['Wriddhiman Saha', 'Shikhar Dhawan', 'Kane Williamson', 'Manish Pandey', 'Shakib Al Hasan', 'Deepak Hooda', 'Yusuf Pathan', 'Bhuvneshwar Kumar', 'Rashid Khan', 'Siddarth Kaul', 'Chris Jordan']",KXIP
CSK,RR,RR,bowl,"Maharashtra Cricket Association Stadium, Pune",8:00 PM,KN Anantha Padmanabhan,Nitin Menon,Rod Tucker,Javagal Srinath,"['Shane Watson', 'Ambati Rayudu', 'Suresh Raina', 'Sam Billings', 'MS Dhoni', 'Ravindra Jadeja', 'Dwayne Bravo', 'Deepak Chahar', 'Karn Sharma', 'Shardul Thakur', 'Imran Tahir']","['Ajinkya Rahane', 'Rahul Tripathi', 'Sanju Samson', 'Ben Stokes', 'Jos Buttler', 'Heinrich Klaasen', 'Stuart Binny', 'Krishnappa Gowtham', 'Shreyas Gopal', 'Jaydev Unadkat', 'Ben Laughlin']",CSK
KKR,KXIP,KXIP,bowl,"Eden Gardens, Kolkata",4:00 PM,Chettithody Shamshuddin,Abhijit Deshmukh,Sundaram Ravi,Manu Nayyar,"['Sunil Narine', 'Chris Lynn', 'Robin Uthappa', 'Nitish Rana', 'Dinesh Karthik', 'Andre Russell', 'Shubman Gill', 'Tom Curran', 'Piyush Chawla', 'Shivam Mavi', 'Kuldeep Yadav']","['Lokesh Rahul', 'Chris Gayle', 'Mayank Agarwal', 'Karun Nair', 'Aaron Finch', 'Yuvraj Singh', 'Ravichandran Ashwin', 'Andrew Tye', 'Barinder Sran', 'Ankit Rajpoot', 'Mujeeb Ur Rahman']",KXIP
RCB,DC,RCB,bowl,"M.Chinnaswamy Stadium, Bengaluru",8:00 PM,Nandan,Chris Gaffaney,Nand Kishore,Sir Richie Richardson,"['Manan Vohra', 'Quinton de Kock', 'Virat Kohli', 'AB de Villiers', 'Mandeep Singh', 'Corey Anderson', 'Washington Sundar', 'Chris Woakes', 'Umesh Yadav', 'Mohammed Siraj', 'Yuzvendra Chahal']","['Gautam Gambhir', 'Jason Roy', 'Shreyas Iyer', 'Rishabh Pant', 'Glenn Maxwell', 'Rahul Tewatia', 'Vijay Shankar', 'Chris Morris', 'Shahbaz Nadeem', 'Harshal Patel', 'Trent Boult']",RCB
SRH,CSK,SRH,bowl,"Rajiv Gandhi International Stadium, Hyderabad",4:00 PM,Vineet Kulkarni,Anil Chaudhary,Nigel Llong,Sunil Chaturvedi,"['Ricky Bhui', 'Kane Williamson', 'Manish Pandey', 'Deepak Hooda', 'Shakib Al Hasan', 'Yusuf Pathan', 'Wriddhiman Saha', 'Bhuvneshwar Kumar', 'Rashid Khan', 'Billy Stanlake', 'Siddarth Kaul']","['Shane Watson', 'Faf du Plessis', 'Suresh Raina', 'Ambati Rayudu', 'MS Dhoni', 'Sam Billings', 'Dwayne Bravo', 'Ravindra Jadeja', 'Deepak Chahar', 'Karn Sharma', 'Shardul Thakur']",CSK
RR,MI,MI,bat,"Sawai Mansingh Stadium, Jaipur",8:00 PM,Rod Tucker,KN Anantha Padmanabhan,Nitin Menon,Javagal Srinath,"['Ajinkya Rahane', 'Rahul Tripathi', 'Sanju Samson', 'Ben Stokes', 'Heinrich Klaasen', 'Jos Buttler', 'Krishnappa Gowtham', 'Jofra Archer', 'Dhawal Kulkarni', 'Shreyas Gopal', 'Jaydev Unadkat']","['Suryakumar Yadav', 'Evin Lewis', 'Ishan Kishan', 'Rohit Sharma', 'Krunal Pandya', 'Kieron Pollard', 'Hardik Pandya', 'Mitchell McClenaghan', 'Mayank Markande', 'Jasprit Bumrah', 'Mustafizur Rahman']",RR
DC,KXIP,DC,bowl,"Arun Jaitley Stadium, Delhi",8:00 PM,Nandan,Nand Kishore,Chris Gaffaney,Sir Richie Richardson,"['Gautam Gambhir', 'Prithvi Shaw', 'Shreyas Iyer', 'Rishabh Pant', 'Glenn Maxwell', 'Daniel Christian', 'Rahul Tewatia', 'Liam Plunkett', 'Amit Mishra', 'Avesh Khan', 'Trent Boult']","['Lokesh Rahul', 'Aaron Finch', 'Mayank Agarwal', 'Karun Nair', 'Yuvraj Singh', 'David Miller', 'Ravichandran Ashwin', 'Andrew Tye', 'Barinder Sran', 'Ankit Rajpoot', 'Mujeeb Ur Rahman']",KXIP
MI,SRH,MI,bowl,"Wankhede Stadium, Mumbai",8:00 PM,Chettithody Shamshuddin,Sundaram Ravi,Abhijit Deshmukh,Vengalil Narayan Kutty,"['Suryakumar Yadav', 'Evin Lewis', 'Ishan Kishan', 'Rohit Sharma', 'Kieron Pollard', 'Krunal Pandya', 'Hardik Pandya', 'Mitchell McClenaghan', 'Mayank Markande', 'Jasprit Bumrah', 'Mustafizur Rahman']","['Shikhar Dhawan', 'Kane Williamson', 'Wriddhiman Saha', 'Manish Pandey', 'Shakib Al Hasan', 'Yusuf Pathan', 'Mohammad Nabi', 'Rashid Khan', 'Basil Thampi', 'Sandeep Sharma', 'Siddarth Kaul']",SRH
RCB,CSK,CSK,bowl,"M.Chinnaswamy Stadium, Bengaluru",8:00 PM,Nigel Llong,Virender Sharma,Anil Chaudhary,Sunil Chaturvedi,"['Quinton de Kock', 'Virat Kohli', 'AB de Villiers', 'Mandeep Singh', 'Corey Anderson', 'Colin de Grandhomme', 'Washington Sundar', 'Pawan Negi', 'Umesh Yadav', 'Mohammed Siraj', 'Yuzvendra Chahal']","['Shane Watson', 'Ambati Rayudu', 'Suresh Raina', 'Sam Billings', 'MS Dhoni', 'Dwayne Bravo', 'Ravindra Jadeja', 'Harbhajan Singh', 'Deepak Chahar', 'Shardul Thakur', 'Imran Tahir']",CSK
SRH,KXIP,KXIP,bowl,"Rajiv Gandhi International Stadium, Hyderabad",8:00 PM,Nandan,Yeshwant Barde,Rod Tucker,Javagal Srinath,"['Shikhar Dhawan', 'Kane Williamson', 'Wriddhiman Saha', 'Manish Pandey', 'Shakib Al Hasan', 'Yusuf Pathan', 'Mohammad Nabi', 'Rashid Khan', 'Basil Thampi', 'Siddarth Kaul', 'Sandeep Sharma']","['Lokesh Rahul', 'Chris Gayle', 'Mayank Agarwal', 'Karun Nair', 'Aaron Finch', 'Manoj Tiwary', 'Ravichandran Ashwin', 'Andrew Tye', 'Barinder Sran', 'Ankit Rajpoot', 'Mujeeb Ur Rahman']",SRH
DC,KKR,KKR,bowl,"Arun Jaitley Stadium, Delhi",8:00 PM,Chettithody Shamshuddin,Sundaram Ravi,Nand Kishore,Sir Richie Richardson,"['Prithvi Shaw', 'Colin Munro', 'Glenn Maxwell', 'Rishabh Pant', 'Shreyas Iyer', 'Vijay Shankar', 'Rahul Tewatia', 'Liam Plunkett', 'Amit Mishra', 'Avesh Khan', 'Trent Boult']","['Chris Lynn', 'Sunil Narine', 'Robin Uthappa', 'Nitish Rana', 'Dinesh Karthik', 'Andre Russell', 'Shubman Gill', 'Mitchell Johnson', 'Piyush Chawla', 'Shivam Mavi', 'Kuldeep Yadav']",DC
CSK,MI,MI,bowl,"Maharashtra Cricket Association Stadium, Pune",8:00 PM,Nitin Menon,Chris Gaffaney,Anil Dandekar,Vengalil Narayan Kutty,"['Shane Watson', 'Ambati Rayudu', 'Suresh Raina', 'Sam Billings', 'Ravindra Jadeja', 'MS Dhoni', 'Dwayne Bravo', 'Harbhajan Singh', 'Deepak Chahar', 'Shardul Thakur', 'Imran Tahir']","['Suryakumar Yadav', 'Evin Lewis', 'Ishan Kishan', 'Rohit Sharma', 'Jean-Paul Duminy', 'Krunal Pandya', 'Hardik Pandya', 'Ben Cutting', 'Mitchell McClenaghan', 'Mayank Markande', 'Jasprit Bumrah']",MI
RR,SRH,SRH,bat,"Sawai Mansingh Stadium, Jaipur",4:00 PM,Bruce Oxenford,Nand Kishore,Sundaram Ravi,Andy Pycroft,"['Ajinkya Rahane', 'Rahul Tripathi', 'Sanju Samson', 'Ben Stokes', 'Jos Buttler', 'Mahipal Lomror', 'Krishnappa Gowtham', 'Jofra Archer', 'Dhawal Kulkarni', 'Ish Sodhi', 'Jaydev Unadkat']","['Shikhar Dhawan', 'Alex Hales', 'Kane Williamson', 'Manish Pandey', 'Shakib Al Hasan', 'Yusuf Pathan', 'Wriddhiman Saha', 'Rashid Khan', 'Basil Thampi', 'Siddarth Kaul', 'Sandeep Sharma']",SRH
RCB,KKR,KKR,bowl,"M.Chinnaswamy Stadium, Bengaluru",8:00 PM,Nigel Llong,Anil Chaudhary,Virender Sharma,Manu Nayyar,"['Brendon McCullum', 'Quinton de Kock', 'Virat Kohli', 'Manan Vohra', 'Mandeep Singh', 'Colin de Grandhomme', 'Murugan Ashwin', 'Tim Southee', 'Umesh Yadav', 'Mohammed Siraj', 'Yuzvendra Chahal']","['Chris Lynn', 'Sunil Narine', 'Robin Uthappa', 'Nitish Rana', 'Dinesh Karthik', 'Shubman Gill', 'Andre Russell', 'Shivam Mavi', 'Piyush Chawla', 'Mitchell Johnson', 'Kuldeep Yadav']",KKR
CSK,DC,DC,bowl,"Maharashtra Cricket Association Stadium, Pune",8:00 PM,Anil Dandekar,Chettithody Shamshuddin,Nandan,Vengalil Narayan Kutty,"['Shane Watson', 'Ambati Rayudu', 'Suresh Raina', 'Faf du Plessis', 'MS Dhoni', 'Ravindra Jadeja', 'Dwayne Bravo', 'Karn Sharma', 'Harbhajan Singh', 'Lungi Ngidi', 'KM Asif']","['Prithvi Shaw', 'Colin Munro', 'Shreyas Iyer', 'Rishabh Pant', 'Glenn Maxwell', 'Vijay Shankar', 'Rahul Tewatia', 'Liam Plunkett', 'Amit Mishra', 'Avesh Khan', 'Trent Boult']",CSK
RCB,MI,MI,bowl,"M.Chinnaswamy Stadium, Bengaluru",8:00 PM,Nitin Menon,Marais Erasmus,Yeshwant Barde,Javagal Srinath,"['Quinton de Kock', 'Brendon McCullum', 'Virat Kohli', 'Manan Vohra', 'Mandeep Singh', 'Colin de Grandhomme', 'Washington Sundar', 'Tim Southee', 'Umesh Yadav', 'Mohammed Siraj', 'Yuzvendra Chahal']","['Suryakumar Yadav', 'Rohit Sharma', 'Ishan Kishan', 'Jean-Paul Duminy', 'Hardik Pandya', 'Krunal Pandya', 'Kieron Pollard', 'Ben Cutting', 'Mitchell McClenaghan', 'Mayank Markande', 'Jasprit Bumrah']",RCB
DC,RR,RR,bowl,"Arun Jaitley Stadium, Delhi",8:00 PM,Nandan,Virender Sharma,Bruce Oxenford,Andy Pycroft,"['Prithvi Shaw', 'Colin Munro', 'Shreyas Iyer', 'Rishabh Pant', 'Glenn Maxwell', 'Vijay Shankar', 'Liam Plunkett', 'Amit Mishra', 'Shahbaz Nadeem', 'Avesh Khan', 'Trent Boult']","['Ajinkya Rahane', 'D Arcy Short', 'Sanju Samson', 'Rahul Tripathi', 'Ben Stokes', 'Jos Buttler', 'Krishnappa Gowtham', 'Jofra Archer', 'Shreyas Gopal', 'Jaydev Unadkat', 'Dhawal Kulkarni']",DC
KKR,CSK,KKR,bowl,"Eden Gardens, Kolkata",8:00 PM,Abhijit Deshmukh,Kumar Dharmasena,Anil Chaudhary,Vengalil Narayan Kutty,"['Chris Lynn', 'Sunil Narine', 'Robin Uthappa', 'Dinesh Karthik', 'Rinku Singh', 'Shubman Gill', 'Andre Russell', 'Shivam Mavi', 'Piyush Chawla', 'Mitchell Johnson', 'Kuldeep Yadav']","['Shane Watson', 'Faf du Plessis', 'Suresh Raina', 'Ambati Rayudu', 'MS Dhoni', 'Dwayne Bravo', 'Ravindra Jadeja', 'Karn Sharma', 'Harbhajan Singh', 'Lungi Ngidi', 'KM Asif']",KKR
KXIP,MI,MI,bowl,"Holkar Cricket Stadium, Indore",8:00 PM,Sundaram Ravi,Anil Dandekar,Chettithody Shamshuddin,Manu Nayyar,"['Lokesh Rahul', 'Chris Gayle', 'Mayank Agarwal', 'Karun Nair', 'Yuvraj Singh', 'Marcus Stoinis', 'Ravichandran Ashwin', 'Axar Patel', 'Andrew Tye', 'Ankit Rajpoot', 'Mujeeb Ur Rahman']","['Suryakumar Yadav', 'Evin Lewis', 'Ishan Kishan', 'Jean-Paul Duminy', 'Rohit Sharma', 'Hardik Pandya', 'Krunal Pandya', 'Ben Cutting', 'Mitchell McClenaghan', 'Mayank Markande', 'Jasprit Bumrah']",MI
CSK,RCB,CSK,bowl,"Maharashtra Cricket Association Stadium, Pune",4:00 PM,Nitin Menon,Yeshwant Barde,Marais Erasmus,Javagal Srinath,"['Shane Watson', 'Ambati Rayudu', 'Suresh Raina', 'MS Dhoni', 'Dhruv Shorey', 'Ravindra Jadeja', 'Dwayne Bravo', 'David Willey', 'Harbhajan Singh', 'Lungi Ngidi', 'Shardul Thakur']","['Parthiv Patel', 'Brendon McCullum', 'Virat Kohli', 'AB de Villiers', 'Mandeep Singh', 'Colin de Grandhomme', 'Tim Southee', 'Murugan Ashwin', 'Umesh Yadav', 'Mohammed Siraj', 'Yuzvendra Chahal']",CSK
SRH,DC,DC,bat,"Rajiv Gandhi International Stadium, Hyderabad",8:00 PM,Bruce Oxenford,Nandan,Virender Sharma,Andy Pycroft,"['Alex Hales', 'Shikhar Dhawan', 'Kane Williamson', 'Manish Pandey', 'Shakib Al Hasan', 'Yusuf Pathan', 'Wriddhiman Saha', 'Bhuvneshwar Kumar', 'Rashid Khan', 'Siddarth Kaul', 'Sandeep Sharma']","['Prithvi Shaw', 'Naman Ojha', 'Shreyas Iyer', 'Rishabh Pant', 'Glenn Maxwell', 'Vijay Shankar', 'Daniel Christian', 'Liam Plunkett', 'Amit Mishra', 'Avesh Khan', 'Trent Boult']",SRH
MI,KKR,KKR,bowl,"Wankhede Stadium, Mumbai",4:00 PM,Kumar Dharmasena,Abhijit Deshmukh,Anil Chaudhary,Vengalil Narayan Kutty,"['Suryakumar Yadav', 'Evin Lewis', 'Ishan Kishan', 'Rohit Sharma', 'Jean-Paul Duminy', 'Hardik Pandya', 'Krunal Pandya', 'Ben Cutting', 'Mitchell McClenaghan', 'Mayank Markande', 'Jasprit Bumrah']","['Chris Lynn', 'Sunil Narine', 'Robin Uthappa', 'Shubman Gill', 'Nitish Rana', 'Dinesh Karthik', 'Andre Russell', 'Piyush Chawla', 'Mitchell Johnson', 'Prasidh Krishna', 'Kuldeep Yadav']",MI
KXIP,RR,KXIP,bowl,"Holkar Cricket Stadium, Indore",8:00 PM,Chettithody Shamshuddin,Sundaram Ravi,Anil Dandekar,Manu Nayyar,"['Lokesh Rahul', 'Chris Gayle', 'Karun Nair', 'Mayank Agarwal', 'Marcus Stoinis', 'Manoj Tiwary', 'Ravichandran Ashwin', 'Axar Patel', 'Andrew Tye', 'Ankit Rajpoot', 'Mujeeb Ur Rahman']","['Jos Buttler', 'D Arcy Short', 'Ajinkya Rahane', 'Sanju Samson', 'Ben Stokes', 'Rahul Tripathi', 'Krishnappa Gowtham', 'Jofra Archer', 'Shreyas Gopal', 'Anureet Singh', 'Jaydev Unadkat']",KXIP
SRH,RCB,RCB,bowl,"Rajiv Gandhi International Stadium, Hyderabad",8:00 PM,Bruce Oxenford,Virender Sharma,Nandan,Andy Pycroft,"['Alex Hales', 'Shikhar Dhawan', 'Kane Williamson', 'Manish Pandey', 'Shakib Al Hasan', 'Yusuf Pathan', 'Wriddhiman Saha', 'Bhuvneshwar Kumar', 'Rashid Khan', 'Siddarth Kaul', 'Sandeep Sharma']","['Parthiv Patel', 'Manan Vohra', 'Virat Kohli', 'AB de Villiers', 'Mandeep Singh', 'Moeen Ali', 'Colin de Grandhomme', 'Tim Southee', 'Umesh Yadav', 'Mohammed Siraj', 'Yuzvendra Chahal']",SRH
RR,KXIP,RR,bat,"Sawai Mansingh Stadium, Jaipur",8:00 PM,Nitin Menon,Marais Erasmus,Yeshwant Barde,Javagal Srinath,"['Jos Buttler', 'Ajinkya Rahane', 'Sanju Samson', 'Ben Stokes', 'Stuart Binny', 'Mahipal Lomror', 'Jofra Archer', 'Krishnappa Gowtham', 'Jaydev Unadkat', 'Ish Sodhi', 'Anureet Singh']","['Lokesh Rahul', 'Chris Gayle', 'Akshdeep Nath', 'Karun Nair', 'Axar Patel', 'Marcus Stoinis', 'Manoj Tiwary', 'Ravichandran Ashwin', 'Andrew Tye', 'Mohit Sharma', 'Mujeeb Ur Rahman']",RR
KKR,MI,KKR,bowl,"Eden Gardens, Kolkata",8:00 PM,KN Anantha Padmanabhan,Anil Kumar Chaudhary,Kumar Dharmasena,Prakash Bhatt,"['Chris Lynn', 'Sunil Narine', 'Robin Uthappa', 'Nitish Rana', 'Dinesh Karthik', 'Rinku Singh', 'Andre Russell', 'Piyush Chawla', 'Tom Curran', 'Prasidh Krishna', 'Kuldeep Yadav']","['Suryakumar Yadav', 'Evin Lewis', 'Rohit Sharma', 'Hardik Pandya', 'Krunal Pandya', 'Jean-Paul Duminy', 'Ishan Kishan', 'Ben Cutting', 'Mitchell McClenaghan', 'Mayank Markande', 'Jasprit Bumrah']",MI
DC,SRH,DC,bat,"Arun Jaitley Stadium, Delhi",8:00 PM,Anil Dandekar,Chettithody Shamshuddin,Sundaram Ravi,Manu Nayyar,"['Prithvi Shaw', 'Jason Roy', 'Shreyas Iyer', 'Rishabh Pant', 'Glenn Maxwell', 'Vijay Shankar', 'Liam Plunkett', 'Harshal Patel', 'Amit Mishra', 'Shahbaz Nadeem', 'Trent Boult']","['Alex Hales', 'Shikhar Dhawan', 'Kane Williamson', 'Manish Pandey', 'Shakib Al Hasan', 'Yusuf Pathan', 'Shreevats Goswami', 'Rashid Khan', 'Bhuvneshwar Kumar', 'Siddarth Kaul', 'Sandeep Sharma']",SRH
RR,CSK,CSK,bat,"Sawai Mansingh Stadium, Jaipur",8:00 PM,Marais Erasmus,Yeshwant Barde,Nitin Menon,Javagal Srinath,"['Ajinkya Rahane', 'Jos Buttler', 'Prashant Chopra', 'Sanju Samson', 'Ben Stokes', 'Stuart Binny', 'Krishnappa Gowtham', 'Jofra Archer', 'Ankit Sharma', 'Jaydev Unadkat', 'Ish Sodhi']","['Shane Watson', 'Ambati Rayudu', 'Suresh Raina', 'Sam Billings', 'MS Dhoni', 'Dwayne Bravo', 'Ravindra Jadeja', 'Karn Sharma', 'David Willey', 'Harbhajan Singh', 'Shardul Thakur']",RR
KXIP,KKR,KXIP,bowl,"Holkar Cricket Stadium, Indore",4:00 PM,Virender Sharma,Nandan,Bruce Oxenford,Andy Pycroft,"['Chris Gayle', 'Lokesh Rahul', 'Mayank Agarwal', 'Aaron Finch', 'Karun Nair', 'Axar Patel', 'Ravichandran Ashwin', 'Andrew Tye', 'Mohit Sharma', 'Barinder Sran', 'Mujeeb Ur Rahman']","['Chris Lynn', 'Sunil Narine', 'Robin Uthappa', 'Shubman Gill', 'Nitish Rana', 'Dinesh Karthik', 'Andre Russell', 'Javon Searles', 'Piyush Chawla', 'Prasidh Krishna', 'Kuldeep Yadav']",KKR
DC,RCB,RCB,bowl,"Arun Jaitley Stadium, Delhi",8:00 PM,Kumar Dharmasena,Anil Chaudhary,KN Anantha Padmanabhan,Prakash Bhatt,"['Prithvi Shaw', 'Jason Roy', 'Shreyas Iyer', 'Rishabh Pant', 'Vijay Shankar', 'Harshal Patel', 'Abhishek Sharma', 'Amit Mishra', 'Sandeep Lamichhane', 'Junior Dala', 'Trent Boult']","['Parthiv Patel', 'Virat Kohli', 'AB de Villiers', 'Mandeep Singh', 'Moeen Ali', 'Sarfaraz Khan', 'Colin de Grandhomme', 'Tim Southee', 'Umesh Yadav', 'Mohammed Siraj', 'Yuzvendra Chahal']",RCB
CSK,SRH,CSK,bowl,"Maharashtra Cricket Association Stadium, Pune",4:00 PM,Marais Erasmus,Yeshwant Barde,Anil Dandekar,Manu Nayyar,"['Shane Watson', 'Ambati Rayudu', 'Suresh Raina', 'Sam Billings', 'MS Dhoni', 'Dwayne Bravo', 'Ravindra Jadeja', 'David Willey', 'Harbhajan Singh', 'Deepak Chahar', 'Shardul Thakur']","['Alex Hales', 'Shikhar Dhawan', 'Kane Williamson', 'Manish Pandey', 'Shakib Al Hasan', 'Deepak Hooda', 'Shreevats Goswami', 'Rashid Khan', 'Bhuvneshwar Kumar', 'Siddarth Kaul', 'Sandeep Sharma']",CSK
MI,RR,RR,bowl,"Wankhede Stadium, Mumbai",8:00 PM,Sundaram Ravi,Nitin Menon,Chettithody Shamshuddin,Javagal Srinath,"['Suryakumar Yadav', 'Evin Lewis', 'Rohit Sharma', 'Ishan Kishan', 'Hardik Pandya', 'Ben Cutting', 'Krunal Pandya', 'Jean-Paul Duminy', 'Mitchell McClenaghan', 'Mayank Markande', 'Jasprit Bumrah']","['Jos Buttler', 'D Arcy Short', 'Ajinkya Rahane', 'Sanju Samson', 'Ben Stokes', 'Stuart Binny', 'Jofra Archer', 'Krishnappa Gowtham', 'Shreyas Gopal', 'Jaydev Unadkat', 'Dhawal Kulkarni']",RR
KXIP,RCB,RCB,bowl,"Holkar Cricket Stadium, Indore",8:00 PM,Virender Sharma,Bruce Oxenford,Nandan,Andy Pycroft,"['Lokesh Rahul', 'Chris Gayle', 'Mayank Agarwal', 'Karun Nair', 'Aaron Finch', 'Marcus Stoinis', 'Axar Patel', 'Ravichandran Ashwin', 'Andrew Tye', 'Mohit Sharma', 'Ankit Rajpoot']","['Parthiv Patel', 'Moeen Ali', 'Virat Kohli', 'AB de Villiers', 'Mandeep Singh', 'Sarfaraz Khan', 'Colin de Grandhomme', 'Tim Southee', 'Umesh Yadav', 'Mohammed Siraj', 'Yuzvendra Chahal']",RCB
KKR,RR,KKR,bowl,"Eden Gardens, Kolkata",8:00 PM,Kumar Dharmasena,Anil Chaudhary,Vineet Kulkarni,Manu Nayyar,"['Chris Lynn', 'Sunil Narine', 'Robin Uthappa', 'Andre Russell', 'Dinesh Karthik', 'Nitish Rana', 'Shubman Gill', 'Shivam Mavi', 'Javon Searles', 'Prasidh Krishna', 'Kuldeep Yadav']","['Jos Buttler', 'Ajinkya Rahane', 'Sanju Samson', 'Ben Stokes', 'Rahul Tripathi', 'Stuart Binny', 'Jofra Archer', 'Krishnappa Gowtham', 'Ish Sodhi', 'Jaydev Unadkat', 'Anureet Singh']",KKR
MI,KXIP,KXIP,bowl,"Wankhede Stadium, Mumbai",8:00 PM,Nitin Menon,Marais Erasmus,Yeshwant Barde,Javagal Srinath,"['Suryakumar Yadav', 'Evin Lewis', 'Rohit Sharma', 'Ishan Kishan', 'Hardik Pandya', 'Krunal Pandya', 'Kieron Pollard', 'Ben Cutting', 'Mitchell McClenaghan', 'Mayank Markande', 'Jasprit Bumrah']","['Lokesh Rahul', 'Chris Gayle', 'Aaron Finch', 'Yuvraj Singh', 'Manoj Tiwary', 'Marcus Stoinis', 'Axar Patel', 'Ravichandran Ashwin', 'Andrew Tye', 'Mohit Sharma', 'Ankit Rajpoot']",MI
RCB,SRH,SRH,bowl,"M.Chinnaswamy Stadium, Bengaluru",8:00 PM,Sundaram Ravi,Anil Dandekar,Chettithody Shamshuddin,Prakash Bhatt,"['Virat Kohli', 'Parthiv Patel', 'Moeen Ali', 'AB de Villiers', 'Mandeep Singh', 'Sarfaraz Khan', 'Colin de Grandhomme', 'Tim Southee', 'Umesh Yadav', 'Mohammed Siraj', 'Yuzvendra Chahal']","['Shikhar Dhawan', 'Alex Hales', 'Kane Williamson', 'Manish Pandey', 'Deepak Hooda', 'Shakib Al Hasan', 'Shreevats Goswami', 'Rashid Khan', 'Basil Thampi', 'Siddarth Kaul', 'Sandeep Sharma']",RCB
DC,CSK,CSK,bowl,"Arun Jaitley Stadium, Delhi",8:00 PM,Kumar Dharmasena,Vineet Kulkarni,Nandan,Manu Nayyar,"['Prithvi Shaw', 'Shreyas Iyer', 'Rishabh Pant', 'Glenn Maxwell', 'Vijay Shankar', 'Abhishek Sharma', 'Harshal Patel', 'Amit Mishra', 'Avesh Khan', 'Sandeep Lamichhane', 'Trent Boult']","['Shane Watson', 'Ambati Rayudu', 'Suresh Raina', 'Sam Billings', 'MS Dhoni', 'Dwayne Bravo', 'Ravindra Jadeja', 'Harbhajan Singh', 'Deepak Chahar', 'Shardul Thakur', 'Lungi Ngidi']",DC
RR,RCB,RR,bat,"Sawai Mansingh Stadium, Jaipur",4:00 PM,Bruce Oxenford,Virender Sharma,Chettithody Shamshuddin,Andy Pycroft,"['Rahul Tripathi', 'Ajinkya Rahane', 'Sanju Samson', 'Heinrich Klaasen', 'Stuart Binny', 'Krishnappa Gowtham', 'Jofra Archer', 'Shreyas Gopal', 'Ish Sodhi', 'Jaydev Unadkat', 'Ben Laughlin']","['Parthiv Patel', 'Virat Kohli', 'AB de Villiers', 'Moeen Ali', 'Colin de Grandhomme', 'Mandeep Singh', 'Sarfaraz Khan', 'Tim Southee', 'Umesh Yadav', 'Mohammed Siraj', 'Yuzvendra Chahal']",RR
SRH,KKR,SRH,bat,"Rajiv Gandhi International Stadium, Hyderabad",8:00 PM,Sundaram Ravi,Anil Kumar Chaudhary,Anil Dandekar,Prakash Bhatt,"['Shikhar Dhawan', 'Kane Williamson', 'Manish Pandey', 'Shakib Al Hasan', 'Yusuf Pathan', 'Shreevats Goswami', 'Carlos Brathwaite', 'Bhuvneshwar Kumar', 'Rashid Khan', 'Siddarth Kaul', 'Sandeep Sharma']","['Sunil Narine', 'Chris Lynn', 'Robin Uthappa', 'Nitish Rana', 'Dinesh Karthik', 'Andre Russell', 'Shubman Gill', 'Javon Searles', 'Piyush Chawla', 'Prasidh Krishna', 'Kuldeep Yadav']",KKR
DC,MI,DC,bat,"Arun Jaitley Stadium, Delhi",4:00 PM,Kumar Dharmasena,Nandan,Vineet Kulkarni,Manu Nayyar,"['Prithvi Shaw', 'Shreyas Iyer', 'Rishabh Pant', 'Glenn Maxwell', 'Vijay Shankar', 'Abhishek Sharma', 'Harshal Patel', 'Amit Mishra', 'Liam Plunkett', 'Sandeep Lamichhane', 'Trent Boult']","['Suryakumar Yadav', 'Evin Lewis', 'Ishan Kishan', 'Rohit Sharma', 'Krunal Pandya', 'Kieron Pollard', 'Hardik Pandya', 'Ben Cutting', 'Mayank Markande', 'Jasprit Bumrah', 'Mustafizur Rahman']",DC
CSK,KXIP,CSK,bowl,"Maharashtra Cricket Association Stadium, Pune",8:00 PM,Nitin Menon,Yeshwant Barde,Marais Erasmus,Javagal Srinath,"['Faf du Plessis', 'Ambati Rayudu', 'Suresh Raina', 'MS Dhoni', 'Sam Billings', 'Dwayne Bravo', 'Ravindra Jadeja', 'Harbhajan Singh', 'Shardul Thakur', 'Deepak Chahar', 'Lungi Ngidi']","['Lokesh Rahul', 'Chris Gayle', 'Aaron Finch', 'David Miller', 'Karun Nair', 'Manoj Tiwary', 'Axar Patel', 'Ravichandran Ashwin', 'Andrew Tye', 'Mohit Sharma', 'Ankit Rajpoot']",CSK
SRH,CSK,CSK,bowl,"Wankhede Stadium, Mumbai",7:00 PM,Marais Erasmus,Chettithody Shamshuddin,Sundaram Ravi,Andy Pycroft,"['Shikhar Dhawan', 'Shreevats Goswami', 'Kane Williamson', 'Manish Pandey', 'Shakib Al Hasan', 'Yusuf Pathan', 'Carlos Brathwaite', 'Rashid Khan', 'Bhuvneshwar Kumar', 'Siddarth Kaul', 'Sandeep Sharma']","['Shane Watson', 'Faf du Plessis', 'Suresh Raina', 'Ambati Rayudu', 'MS Dhoni', 'Dwayne Bravo', 'Ravindra Jadeja', 'Harbhajan Singh', 'Deepak Chahar', 'Shardul Thakur', 'Lungi Ngidi']",CSK
KKR,RR,RR,bowl,"Eden Gardens, Kolkata",7:00 PM,Nitin Menon,Anil Chaudhary,Kumar Dharmasena,Javagal Srinath,"['Chris Lynn', 'Sunil Narine', 'Robin Uthappa', 'Dinesh Karthik', 'Nitish Rana', 'Andre Russell', 'Shubman Gill', 'Javon Searles', 'Piyush Chawla', 'Kuldeep Yadav', 'Prasidh Krishna']","['Rahul Tripathi', 'Ajinkya Rahane', 'Sanju Samson', 'Heinrich Klaasen', 'Stuart Binny', 'Krishnappa Gowtham', 'Jofra Archer', 'Shreyas Gopal', 'Ish Sodhi', 'Jaydev Unadkat', 'Ben Laughlin']",KKR
SRH,KKR,KKR,bowl,"Eden Gardens, Kolkata",7:00 PM,Kumar Dharmasena,Nitin Menon,Anil Kumar Chaudhary,Javagal Srinath,"['Shikhar Dhawan', 'Wriddhiman Saha', 'Kane Williamson', 'Shakib Al Hasan', 'Yusuf Pathan', 'Deepak Hooda', 'Carlos Brathwaite', 'Bhuvneshwar Kumar', 'Rashid Khan', 'Siddarth Kaul', 'K Khaleel Ahmed']","['Sunil Narine', 'Chris Lynn', 'Robin Uthappa', 'Nitish Rana', 'Dinesh Karthik', 'Shubman Gill', 'Andre Russell', 'Piyush Chawla', 'Kuldeep Yadav', 'Prasidh Krishna', 'Shivam Mavi']",SRH
CSK,SRH,CSK,bowl,"Wankhede Stadium, Mumbai",7:00 PM,Marais Erasmus,Sundaram Ravi,Nitin Menon,Andy Pycroft,"['Shane Watson', 'Faf du Plessis', 'Suresh Raina', 'Ambati Rayudu', 'MS Dhoni', 'Dwayne Bravo', 'Ravindra Jadeja', 'Karn Sharma', 'Deepak Chahar', 'Shardul Thakur', 'Lungi Ngidi']","['Shikhar Dhawan', 'Shreevats Goswami', 'Kane Williamson', 'Shakib Al Hasan', 'Deepak Hooda', 'Yusuf Pathan', 'Carlos Brathwaite', 'Rashid Khan', 'Bhuvneshwar Kumar', 'Siddarth Kaul', 'Sandeep Sharma']",CSK
